0,1
Datasets/gammafest/Train/TPS_359.jpg,000119127
Datasets/gammafest/Train/TPS_255.jpg,100101021
Datasets/gammafest/Train/TPS_497.jpg,020105018
Datasets/gammafest/Train/TPS_500.jpg,064130037
Datasets/gammafest/Train/TPS_122.jpg,041087022
Datasets/gammafest/Train/TPS_347.jpg,004088120
Datasets/gammafest/Train/TPS_307.jpg,072061043
Datasets/gammafest/Train/TPS_406.jpg,026045096
Datasets/gammafest/Train/TPS_189.jpg,043089002
Datasets/gammafest/Train/TPS_350.jpg,007034081
Datasets/gammafest/Train/TPS_164.jpg,147069007
Datasets/gammafest/Train/TPS_250.jpg,083151012
Datasets/gammafest/Train/TPS_246.jpg,099106025
Datasets/gammafest/Train/TPS_462.jpg,038070060
Datasets/gammafest/Train/TPS_103.jpg,016129026
Datasets/gammafest/Train/TPS_469.jpg,030129051
Datasets/gammafest/Train/TPS_402.jpg,014134064
Datasets/gammafest/Train/TPS_392.jpg,009128106
Datasets/gammafest/Train/TPS_100.jpg,078101005
Datasets/gammafest/Train/TPS_451.jpg,011129086
Datasets/gammafest/Train/TPS_191.jpg,129100011
Datasets/gammafest/Train/TPS_193.jpg,079074000
Datasets/gammafest/Train/TPS_488.jpg,059149029
Datasets/gammafest/Train/TPS_167.jpg,087141032
Datasets/gammafest/Train/TPS_445.jpg,022138078
Datasets/gammafest/Train/TPS_452.jpg,034151078
Datasets/gammafest/Train/TPS_302.jpg,006041099
Datasets/gammafest/Train/TPS_140.jpg,061034052
Datasets/gammafest/Train/TPS_463.jpg,045068087
Datasets/gammafest/Train/TPS_094.jpg,021114038
Datasets/gammafest/Train/TPS_423.jpg,050108036
Datasets/gammafest/Train/TPS_116.jpg,054116023
Datasets/gammafest/Train/TPS_161.jpg,067115013
Datasets/gammafest/Train/TPS_073.jpg,018134029
Datasets/gammafest/Train/TPS_245.jpg,069086013
Datasets/gammafest/Train/TPS_171.jpg,057145019
Datasets/gammafest/Train/TPS_239.jpg,060140022
Datasets/gammafest/Train/TPS_481.jpg,025158040
Datasets/gammafest/Train/TPS_476.jpg,017115072
Datasets/gammafest/Train/TPS_114.jpg,082086032
Datasets/gammafest/Train/TPS_135.jpg,039104048
Datasets/gammafest/Train/TPS_037.jpg,129065017
Datasets/gammafest/Train/TPS_065.jpg,041177009
Datasets/gammafest/Train/TPS_327.jpg,018091010
Datasets/gammafest/Train/TPS_110.jpg,046107055
Datasets/gammafest/Train/TPS_132.jpg,084108030
Datasets/gammafest/Train/TPS_097.jpg,007114033
Datasets/gammafest/Train/TPS_477.jpg,011158055
Datasets/gammafest/Train/TPS_273.jpg,114090028
Datasets/gammafest/Train/TPS_036.jpg,074083036
Datasets/gammafest/Train/TPS_320.jpg,016124047
Datasets/gammafest/Train/TPS_235.jpg,035160028
Datasets/gammafest/Train/TPS_212.jpg,044109066
Datasets/gammafest/Train/TPS_091.jpg,013129038
Datasets/gammafest/Train/TPS_044.jpg,151070003
Datasets/gammafest/Train/TPS_280.jpg,001069073
Datasets/gammafest/Train/TPS_323.jpg,024061137
Datasets/gammafest/Train/TPS_386.jpg,013116080
Datasets/gammafest/Train/TPS_211.jpg,020110058
Datasets/gammafest/Train/TPS_265.jpg,114077003
Datasets/gammafest/Train/TPS_067.jpg,017180042
Datasets/gammafest/Train/TPS_367.jpg,010115055
Datasets/gammafest/Train/TPS_244.jpg,061112009
Datasets/gammafest/Train/TPS_075.jpg,015147022
Datasets/gammafest/Train/TPS_286.jpg,035111059
Datasets/gammafest/Train/TPS_027.jpg,086102007
Datasets/gammafest/Train/TPS_228.jpg,023134026
Datasets/gammafest/Train/TPS_418.jpg,091080048
Datasets/gammafest/Train/TPS_013.jpg,024119046
Datasets/gammafest/Train/TPS_249.jpg,048137016
Datasets/gammafest/Train/TPS_003.jpg,173027003
Datasets/gammafest/Train/TPS_321.jpg,021108076
Datasets/gammafest/Train/TPS_283.jpg,018087100
Datasets/gammafest/Train/TPS_023.jpg,073131007
Datasets/gammafest/Train/TPS_050.jpg,026089008
Datasets/gammafest/Train/TPS_232.jpg,024153032
Datasets/gammafest/Train/TPS_404.jpg,022111071
Datasets/gammafest/Train/TPS_428.jpg,013098057
Datasets/gammafest/Train/TPS_319.jpg,015096067
Datasets/gammafest/Train/TPS_490.jpg,026179032
Datasets/gammafest/Train/TPS_487.jpg,013145038
Datasets/gammafest/Train/TPS_156.jpg,103073044
Datasets/gammafest/Train/TPS_338.jpg,018095089
Datasets/gammafest/Train/TPS_478.jpg,024152053
Datasets/gammafest/Train/TPS_076.jpg,038154024
Datasets/gammafest/Train/TPS_439.jpg,018082070
Datasets/gammafest/Train/TPS_155.jpg,070094074
Datasets/gammafest/Train/TPS_332.jpg,076118043
Datasets/gammafest/Train/TPS_495.jpg,031121011
Datasets/gammafest/Train/TPS_055.jpg,132076006
Datasets/gammafest/Train/TPS_137.jpg,070085024
Datasets/gammafest/Train/TPS_473.jpg,005188041
Datasets/gammafest/Train/TPS_447.jpg,031136069
Datasets/gammafest/Train/TPS_148.jpg,145094021
Datasets/gammafest/Train/TPS_005.jpg,213030004
Datasets/gammafest/Train/TPS_269.jpg,117075016
Datasets/gammafest/Train/TPS_342.jpg,032078145
Datasets/gammafest/Train/TPS_198.jpg,105092026
Datasets/gammafest/Train/TPS_057.jpg,101114008
Datasets/gammafest/Train/TPS_354.jpg,012065078
Datasets/gammafest/Train/TPS_014.jpg,027117015
Datasets/gammafest/Train/TPS_308.jpg,041067049
Datasets/gammafest/Train/TPS_343.jpg,017154062
Datasets/gammafest/Train/TPS_227.jpg,058199015
Datasets/gammafest/Train/TPS_196.jpg,083139010
Datasets/gammafest/Train/TPS_238.jpg,100124016
Datasets/gammafest/Train/TPS_251.jpg,051170024
Datasets/gammafest/Train/TPS_291.jpg,032100094
Datasets/gammafest/Train/TPS_373.jpg,008148062
Datasets/gammafest/Train/TPS_285.jpg,032095097
Datasets/gammafest/Train/TPS_365.jpg,015096030
Datasets/gammafest/Train/TPS_052.jpg,083101036
Datasets/gammafest/Train/TPS_175.jpg,074127023
Datasets/gammafest/Train/TPS_225.jpg,072161021
Datasets/gammafest/Train/TPS_125.jpg,120057041
Datasets/gammafest/Train/TPS_221.jpg,096110014
Datasets/gammafest/Train/TPS_064.jpg,027127012
Datasets/gammafest/Train/TPS_172.jpg,097084008
Datasets/gammafest/Train/TPS_159.jpg,036077046
Datasets/gammafest/Train/TPS_393.jpg,023145051
Datasets/gammafest/Train/TPS_301.jpg,009077113
Datasets/gammafest/Train/TPS_258.jpg,059084030
Datasets/gammafest/Train/TPS_089.jpg,012148053
Datasets/gammafest/Train/TPS_484.jpg,016159062
Datasets/gammafest/Train/TPS_305.jpg,024121035
Datasets/gammafest/Train/TPS_070.jpg,037176020
Datasets/gammafest/Train/TPS_206.jpg,118088020
Datasets/gammafest/Train/TPS_289.jpg,009150073
Datasets/gammafest/Train/TPS_331.jpg,009086068
Datasets/gammafest/Train/TPS_371.jpg,005163055
Datasets/gammafest/Train/TPS_118.jpg,096100011
Datasets/gammafest/Train/TPS_019.jpg,041080025
Datasets/gammafest/Train/TPS_229.jpg,045115030
Datasets/gammafest/Train/TPS_446.jpg,014057065
Datasets/gammafest/Train/TPS_262.jpg,107126021
Datasets/gammafest/Train/TPS_162.jpg,068144008
Datasets/gammafest/Train/TPS_242.jpg,148106019
Datasets/gammafest/Train/TPS_224.jpg,024115033
Datasets/gammafest/Train/TPS_194.jpg,032149028
Datasets/gammafest/Train/TPS_366.jpg,014079043
Datasets/gammafest/Train/TPS_026.jpg,012111033
Datasets/gammafest/Train/TPS_226.jpg,071133014
Datasets/gammafest/Train/TPS_063.jpg,147093010
Datasets/gammafest/Train/TPS_128.jpg,013105106
Datasets/gammafest/Train/TPS_368.jpg,016164016
Datasets/gammafest/Train/TPS_300.jpg,030090061
Datasets/gammafest/Train/TPS_088.jpg,029159035
Datasets/gammafest/Train/TPS_186.jpg,092107009
Datasets/gammafest/Train/TPS_040.jpg,102029002
Datasets/gammafest/Train/TPS_195.jpg,084075006
Datasets/gammafest/Train/TPS_336.jpg,009107053
Datasets/gammafest/Train/TPS_254.jpg,078122037
Datasets/gammafest/Train/TPS_334.jpg,000067095
Datasets/gammafest/Train/TPS_060.jpg,138068004
Datasets/gammafest/Train/TPS_287.jpg,034076067
Datasets/gammafest/Train/TPS_138.jpg,060083026
Datasets/gammafest/Train/TPS_202.jpg,052105022
Datasets/gammafest/Train/TPS_361.jpg,015142058
Datasets/gammafest/Train/TPS_126.jpg,066074023
Datasets/gammafest/Train/TPS_253.jpg,078157008
Datasets/gammafest/Train/TPS_223.jpg,049156031
Datasets/gammafest/Train/TPS_417.jpg,013106081
Datasets/gammafest/Train/TPS_263.jpg,066101034
Datasets/gammafest/Train/TPS_030.jpg,064089014
Datasets/gammafest/Train/TPS_056.jpg,034137014
Datasets/gammafest/Train/TPS_199.jpg,080118027
Datasets/gammafest/Train/TPS_129.jpg,112102019
Datasets/gammafest/Train/TPS_411.jpg,037082042
Datasets/gammafest/Train/TPS_304.jpg,023080049
Datasets/gammafest/Train/TPS_127.jpg,115072021
Datasets/gammafest/Train/TPS_169.jpg,073104010
Datasets/gammafest/Train/TPS_348.jpg,010103065
Datasets/gammafest/Train/TPS_313.jpg,013090115
Datasets/gammafest/Train/TPS_154.jpg,088071017
Datasets/gammafest/Train/TPS_053.jpg,103053003
Datasets/gammafest/Train/TPS_337.jpg,019074075
Datasets/gammafest/Train/TPS_031.jpg,034161021
Datasets/gammafest/Train/TPS_455.jpg,096092081
Datasets/gammafest/Train/TPS_309.jpg,020078078
Datasets/gammafest/Train/TPS_020.jpg,004093022
Datasets/gammafest/Train/TPS_182.jpg,037122010
Datasets/gammafest/Train/TPS_066.jpg,010169048
Datasets/gammafest/Train/TPS_260.jpg,042129016
Datasets/gammafest/Train/TPS_266.jpg,100085020
Datasets/gammafest/Train/TPS_236.jpg,020192021
Datasets/gammafest/Train/TPS_324.jpg,044051021
Datasets/gammafest/Train/TPS_107.jpg,060120043
Datasets/gammafest/Train/TPS_201.jpg,122072009
Datasets/gammafest/Train/TPS_293.jpg,047119072
Datasets/gammafest/Train/TPS_095.jpg,015185032
Datasets/gammafest/Train/TPS_016.jpg,097047006
Datasets/gammafest/Train/TPS_292.jpg,051085080
Datasets/gammafest/Train/TPS_143.jpg,032077130
Datasets/gammafest/Train/TPS_035.jpg,076067016
Datasets/gammafest/Train/TPS_024.jpg,033103049
Datasets/gammafest/Train/TPS_349.jpg,014097095
Datasets/gammafest/Train/TPS_119.jpg,094094030
Datasets/gammafest/Train/TPS_257.jpg,096062020
Datasets/gammafest/Train/TPS_396.jpg,007134036
Datasets/gammafest/Train/TPS_146.jpg,038103075
Datasets/gammafest/Train/TPS_001.jpg,159009002
Datasets/gammafest/Train/TPS_183.jpg,014106004
Datasets/gammafest/Train/TPS_080.jpg,072099022
Datasets/gammafest/Train/TPS_314.jpg,010053066
Datasets/gammafest/Train/TPS_427.jpg,032074044
Datasets/gammafest/Train/TPS_068.jpg,040110016
Datasets/gammafest/Train/TPS_181.jpg,051074012
Datasets/gammafest/Train/TPS_374.jpg,005142024
Datasets/gammafest/Train/TPS_192.jpg,074073012
Datasets/gammafest/Train/TPS_087.jpg,032117029
Datasets/gammafest/Train/TPS_434.jpg,039126028
Datasets/gammafest/Train/TPS_377.jpg,010124052
Datasets/gammafest/Train/TPS_372.jpg,013116049
Datasets/gammafest/Train/TPS_360.jpg,022113045
Datasets/gammafest/Train/TPS_259.jpg,027122020
Datasets/gammafest/Train/TPS_341.jpg,008071030
Datasets/gammafest/Train/TPS_160.jpg,118083006
Datasets/gammafest/Train/TPS_419.jpg,013106058
Datasets/gammafest/Train/TPS_099.jpg,016187039
Datasets/gammafest/Train/TPS_437.jpg,005129043
Datasets/gammafest/Train/TPS_042.jpg,074102000
Datasets/gammafest/Train/TPS_464.jpg,037084071
Datasets/gammafest/Train/TPS_180.jpg,135079014
Datasets/gammafest/Train/TPS_268.jpg,058074032
Datasets/gammafest/Train/TPS_489.jpg,033173027
Datasets/gammafest/Train/TPS_092.jpg,012140042
Datasets/gammafest/Train/TPS_482.jpg,007181030
Datasets/gammafest/Train/TPS_395.jpg,014118076
Datasets/gammafest/Train/TPS_416.jpg,013122055
Datasets/gammafest/Train/TPS_330.jpg,051098066
Datasets/gammafest/Train/TPS_170.jpg,097089045
Datasets/gammafest/Train/TPS_465.jpg,071080095
Datasets/gammafest/Train/TPS_472.jpg,011114031
Datasets/gammafest/Train/TPS_115.jpg,040090038
Datasets/gammafest/Train/TPS_364.jpg,003084062
Datasets/gammafest/Train/TPS_058.jpg,019112020
Datasets/gammafest/Train/TPS_297.jpg,054096082
Datasets/gammafest/Train/TPS_233.jpg,022156040
Datasets/gammafest/Train/TPS_049.jpg,099058004
Datasets/gammafest/Train/TPS_322.jpg,022104082
Datasets/gammafest/Train/TPS_470.jpg,007216004
Datasets/gammafest/Train/TPS_082.jpg,074114011
Datasets/gammafest/Train/TPS_407.jpg,025071087
Datasets/gammafest/Train/TPS_376.jpg,017071079
Datasets/gammafest/Train/TPS_397.jpg,028108076
Datasets/gammafest/Train/TPS_025.jpg,009053002
Datasets/gammafest/Train/TPS_071.jpg,037132029
Datasets/gammafest/Train/TPS_333.jpg,031046143
Datasets/gammafest/Train/TPS_101.jpg,007169019
Datasets/gammafest/Train/TPS_421.jpg,036081049
Datasets/gammafest/Train/TPS_144.jpg,127090023
Datasets/gammafest/Train/TPS_061.jpg,136074008
Datasets/gammafest/Train/TPS_351.jpg,026058059
Datasets/gammafest/Train/TPS_011.jpg,071123008
Datasets/gammafest/Train/TPS_184.jpg,048101024
Datasets/gammafest/Train/TPS_147.jpg,069091040
Datasets/gammafest/Train/TPS_203.jpg,077118006
Datasets/gammafest/Train/TPS_153.jpg,108096035
Datasets/gammafest/Train/TPS_112.jpg,072143012
Datasets/gammafest/Train/TPS_340.jpg,016094097
Datasets/gammafest/Train/TPS_209.jpg,112077012
Datasets/gammafest/Train/TPS_466.jpg,042077059
Datasets/gammafest/Train/TPS_382.jpg,010078090
Datasets/gammafest/Train/TPS_168.jpg,128107042
Datasets/gammafest/Train/TPS_385.jpg,025097060
Datasets/gammafest/Train/TPS_117.jpg,051090009
Datasets/gammafest/Train/TPS_017.jpg,065150015
Datasets/gammafest/Train/TPS_282.jpg,040103077
Datasets/gammafest/Train/TPS_458.jpg,042077045
Datasets/gammafest/Train/TPS_438.jpg,014104047
Datasets/gammafest/Train/TPS_432.jpg,057118027
Datasets/gammafest/Train/TPS_410.jpg,098060037
Datasets/gammafest/Train/TPS_383.jpg,019107088
Datasets/gammafest/Train/TPS_022.jpg,000096068
Datasets/gammafest/Train/TPS_353.jpg,015105057
Datasets/gammafest/Train/TPS_234.jpg,028154024
Datasets/gammafest/Train/TPS_006.jpg,201037005
Datasets/gammafest/Train/TPS_387.jpg,013145056
Datasets/gammafest/Train/TPS_261.jpg,072106036
Datasets/gammafest/Train/TPS_218.jpg,036101014
Datasets/gammafest/Train/TPS_316.jpg,018088081
Datasets/gammafest/Train/TPS_444.jpg,027109098
Datasets/gammafest/Train/TPS_216.jpg,046142021
Datasets/gammafest/Train/TPS_491.jpg,014130006
Datasets/gammafest/Train/TPS_252.jpg,104133016
Datasets/gammafest/Train/TPS_081.jpg,181067013
Datasets/gammafest/Train/TPS_352.jpg,005078075
Datasets/gammafest/Train/TPS_400.jpg,008080106
Datasets/gammafest/Train/TPS_205.jpg,072069086
Datasets/gammafest/Train/TPS_043.jpg,115031003
Datasets/gammafest/Train/TPS_358.jpg,011084105
Datasets/gammafest/Train/TPS_214.jpg,065111012
Datasets/gammafest/Train/TPS_077.jpg,014167009
Datasets/gammafest/Train/TPS_494.jpg,034102017
Datasets/gammafest/Train/TPS_141.jpg,122081033
Datasets/gammafest/Train/TPS_210.jpg,078062023
Datasets/gammafest/Train/TPS_380.jpg,024140057
Datasets/gammafest/Train/TPS_177.jpg,023102007
Datasets/gammafest/Train/TPS_412.jpg,020136083
Datasets/gammafest/Train/TPS_467.jpg,015053109
Datasets/gammafest/Train/TPS_440.jpg,004106021
Datasets/gammafest/Train/TPS_102.jpg,019126083
Datasets/gammafest/Train/TPS_420.jpg,029124074
Datasets/gammafest/Train/TPS_072.jpg,033175018
Datasets/gammafest/Train/TPS_174.jpg,091063006
Datasets/gammafest/Train/TPS_317.jpg,008125087
Datasets/gammafest/Train/TPS_306.jpg,036102039
Datasets/gammafest/Train/TPS_485.jpg,006086105
Datasets/gammafest/Train/TPS_433.jpg,043129029
Datasets/gammafest/Train/TPS_002.jpg,112087002
Datasets/gammafest/Train/TPS_187.jpg,056109009
Datasets/gammafest/Train/TPS_429.jpg,031076069
Datasets/gammafest/Train/TPS_454.jpg,047109068
Datasets/gammafest/Train/TPS_004.jpg,207020003
Datasets/gammafest/Train/TPS_241.jpg,081171014
Datasets/gammafest/Train/TPS_047.jpg,110082001
Datasets/gammafest/Train/TPS_311.jpg,011050068
Datasets/gammafest/Train/TPS_456.jpg,088071025
Datasets/gammafest/Train/TPS_335.jpg,014058083
Datasets/gammafest/Train/TPS_288.jpg,039116059
Datasets/gammafest/Train/TPS_098.jpg,042186004
Datasets/gammafest/Train/TPS_272.jpg,094083011
Datasets/gammafest/Train/TPS_345.jpg,003021081
Datasets/gammafest/Train/TPS_499.jpg,039130032
Datasets/gammafest/Train/TPS_243.jpg,100090014
Datasets/gammafest/Train/TPS_045.jpg,112063004
Datasets/gammafest/Train/TPS_275.jpg,016113093
Datasets/gammafest/Train/TPS_379.jpg,005129082
Datasets/gammafest/Train/TPS_391.jpg,010106088
Datasets/gammafest/Train/TPS_483.jpg,031140059
Datasets/gammafest/Train/TPS_296.jpg,027124061
Datasets/gammafest/Train/TPS_461.jpg,034113081
Datasets/gammafest/Train/TPS_435.jpg,008062056
Datasets/gammafest/Train/TPS_104.jpg,099100015
Datasets/gammafest/Train/TPS_298.jpg,023073102
Datasets/gammafest/Train/TPS_443.jpg,004071077
Datasets/gammafest/Train/TPS_294.jpg,021149039
Datasets/gammafest/Train/TPS_105.jpg,036170026
Datasets/gammafest/Train/TPS_152.jpg,079097021
Datasets/gammafest/Train/TPS_086.jpg,012096018
Datasets/gammafest/Train/TPS_281.jpg,029062074
Datasets/gammafest/Train/TPS_034.jpg,080081032
Datasets/gammafest/Train/TPS_442.jpg,057101070
Datasets/gammafest/Train/TPS_130.jpg,096097047
Datasets/gammafest/Train/TPS_120.jpg,108078019
Datasets/gammafest/Train/TPS_370.jpg,006112081
Datasets/gammafest/Train/TPS_090.jpg,023152023
Datasets/gammafest/Train/TPS_363.jpg,030092070
Datasets/gammafest/Train/TPS_414.jpg,009117076
Datasets/gammafest/Train/TPS_384.jpg,003147042
Datasets/gammafest/Train/TPS_355.jpg,008062070
Datasets/gammafest/Train/TPS_038.jpg,108098005
Datasets/gammafest/Train/TPS_213.jpg,055134014
Datasets/gammafest/Train/TPS_381.jpg,025079047
Datasets/gammafest/Train/TPS_139.jpg,055111040
Datasets/gammafest/Train/TPS_007.jpg,159015002
Datasets/gammafest/Train/TPS_344.jpg,071121076
Datasets/gammafest/Train/TPS_150.jpg,091065010
Datasets/gammafest/Train/TPS_436.jpg,010093018
Datasets/gammafest/Train/TPS_339.jpg,017075089
Datasets/gammafest/Train/TPS_240.jpg,052138021
Datasets/gammafest/Train/TPS_109.jpg,022101068
Datasets/gammafest/Train/TPS_394.jpg,011135086
Datasets/gammafest/Train/TPS_492.jpg,015114047
Datasets/gammafest/Train/TPS_312.jpg,021077094
Datasets/gammafest/Train/TPS_310.jpg,009060110
Datasets/gammafest/Train/TPS_303.jpg,013120060
Datasets/gammafest/Train/TPS_083.jpg,020102019
Datasets/gammafest/Train/TPS_200.jpg,118093007
Datasets/gammafest/Train/TPS_329.jpg,005065049
Datasets/gammafest/Train/TPS_460.jpg,019124066
Datasets/gammafest/Train/TPS_133.jpg,087104043
Datasets/gammafest/Train/TPS_220.jpg,068120025
Datasets/gammafest/Train/TPS_230.jpg,032150040
Datasets/gammafest/Train/TPS_166.jpg,079166017
Datasets/gammafest/Train/TPS_346.jpg,042051039
Datasets/gammafest/Train/TPS_248.jpg,024159025
Datasets/gammafest/Train/TPS_284.jpg,026149031
Datasets/gammafest/Train/TPS_378.jpg,014113050
Datasets/gammafest/Train/TPS_121.jpg,103081012
Datasets/gammafest/Train/TPS_493.jpg,043118024
Datasets/gammafest/Train/TPS_204.jpg,101077007
Datasets/gammafest/Train/TPS_219.jpg,108052027
Datasets/gammafest/Train/TPS_278.jpg,025120068
Datasets/gammafest/Train/TPS_028.jpg,091122007
Datasets/gammafest/Train/TPS_498.jpg,011168024
Datasets/gammafest/Train/TPS_277.jpg,019134039
Datasets/gammafest/Train/TPS_399.jpg,013113117
Datasets/gammafest/Train/TPS_325.jpg,022114107
Datasets/gammafest/Train/TPS_425.jpg,001088052
Datasets/gammafest/Train/TPS_459.jpg,055129053
Datasets/gammafest/Train/TPS_131.jpg,101089028
Datasets/gammafest/Train/TPS_009.jpg,186018005
Datasets/gammafest/Train/TPS_010.jpg,056026001
Datasets/gammafest/Train/TPS_441.jpg,033140079
Datasets/gammafest/Train/TPS_046.jpg,137066005
Datasets/gammafest/Train/TPS_398.jpg,030115088
Datasets/gammafest/Train/TPS_453.jpg,067077048
Datasets/gammafest/Train/TPS_415.jpg,013118059
Datasets/gammafest/Train/TPS_215.jpg,038175022
Datasets/gammafest/Train/TPS_018.jpg,048094009
Datasets/gammafest/Train/TPS_413.jpg,018093065
Datasets/gammafest/Train/TPS_145.jpg,142074020
Datasets/gammafest/Train/TPS_190.jpg,011088012
Datasets/gammafest/Train/TPS_039.jpg,109029003
Datasets/gammafest/Train/TPS_362.jpg,006135055
Datasets/gammafest/Train/TPS_179.jpg,071089029
Datasets/gammafest/Train/TPS_471.jpg,023162032
Datasets/gammafest/Train/TPS_197.jpg,133066016
Datasets/gammafest/Train/TPS_136.jpg,104079021
Datasets/gammafest/Train/TPS_271.jpg,057159014
Datasets/gammafest/Train/TPS_188.jpg,086082009
Datasets/gammafest/Train/TPS_390.jpg,013142078
Datasets/gammafest/Train/TPS_111.jpg,037113007
Datasets/gammafest/Train/TPS_093.jpg,017210024
Datasets/gammafest/Train/TPS_173.jpg,032112006
Datasets/gammafest/Train/TPS_029.jpg,003096066
Datasets/gammafest/Train/TPS_048.jpg,126085004
Datasets/gammafest/Train/TPS_408.jpg,003060059
Datasets/gammafest/Train/TPS_084.jpg,063159011
Datasets/gammafest/Train/TPS_388.jpg,008121046
Datasets/gammafest/Train/TPS_389.jpg,015093095
Datasets/gammafest/Train/TPS_012.jpg,075119008
Datasets/gammafest/Train/TPS_149.jpg,083070098
Datasets/gammafest/Train/TPS_356.jpg,024151057
Datasets/gammafest/Train/TPS_021.jpg,012066033
Datasets/gammafest/Train/TPS_486.jpg,012139059
Datasets/gammafest/Train/TPS_479.jpg,022155051
Datasets/gammafest/Train/TPS_054.jpg,148075010
Datasets/gammafest/Train/TPS_176.jpg,063105006
Datasets/gammafest/Train/TPS_163.jpg,061159021
Datasets/gammafest/Train/TPS_165.jpg,048076026
Datasets/gammafest/Train/TPS_157.jpg,072097029
Datasets/gammafest/Train/TPS_142.jpg,131072033
Datasets/gammafest/Train/TPS_078.jpg,068140021
Datasets/gammafest/Train/TPS_424.jpg,025098056
Datasets/gammafest/Train/TPS_113.jpg,080074027
Datasets/gammafest/Train/TPS_431.jpg,034112044
Datasets/gammafest/Train/TPS_369.jpg,013075084
Datasets/gammafest/Train/TPS_290.jpg,024130099
Datasets/gammafest/Train/TPS_033.jpg,046056001
Datasets/gammafest/Train/TPS_074.jpg,011116022
Datasets/gammafest/Train/TPS_247.jpg,101111028
Datasets/gammafest/Train/TPS_401.jpg,020119101
Datasets/gammafest/Train/TPS_158.jpg,056167017
Datasets/gammafest/Train/TPS_096.jpg,014201035
Datasets/gammafest/Train/TPS_185.jpg,033117046
Datasets/gammafest/Train/TPS_124.jpg,095070025
Datasets/gammafest/Train/TPS_106.jpg,085165011
Datasets/gammafest/Train/TPS_448.jpg,013104118
Datasets/gammafest/Train/TPS_474.jpg,018157040
Datasets/gammafest/Train/TPS_496.jpg,011150060
Datasets/gammafest/Train/TPS_151.jpg,096082014
Datasets/gammafest/Train/TPS_315.jpg,012052041
Datasets/gammafest/Train/TPS_299.jpg,031111056
Datasets/gammafest/Train/TPS_008.jpg,120036003
Datasets/gammafest/Train/TPS_475.jpg,022137060
Datasets/gammafest/Train/TPS_357.jpg,045095069
Datasets/gammafest/Train/TPS_041.jpg,094044001
Datasets/gammafest/Train/TPS_256.jpg,075107039
Datasets/gammafest/Train/TPS_231.jpg,011118059
Datasets/gammafest/Train/TPS_079.jpg,064145016
Datasets/gammafest/Train/TPS_279.jpg,009069097
Datasets/gammafest/Train/TPS_326.jpg,021111112
Datasets/gammafest/Train/TPS_328.jpg,052094095
Datasets/gammafest/Train/TPS_409.jpg,056105054
Datasets/gammafest/Train/TPS_059.jpg,072169012
Datasets/gammafest/Train/TPS_208.jpg,125061008
Datasets/gammafest/Train/TPS_123.jpg,133063018
Datasets/gammafest/Train/TPS_267.jpg,105113019
Datasets/gammafest/Train/TPS_264.jpg,064131004
Datasets/gammafest/Train/TPS_062.jpg,068147030
Datasets/gammafest/Train/TPS_480.jpg,016156032
Datasets/gammafest/Train/TPS_403.jpg,010129061
Datasets/gammafest/Train/TPS_405.jpg,005078122
Datasets/gammafest/Train/TPS_276.jpg,013060076
Datasets/gammafest/Train/TPS_449.jpg,011055117
Datasets/gammafest/Train/TPS_051.jpg,072048001
Datasets/gammafest/Train/TPS_450.jpg,032162067
Datasets/gammafest/Train/TPS_274.jpg,122083008
Datasets/gammafest/Train/TPS_217.jpg,068110042
Datasets/gammafest/Train/TPS_426.jpg,031101050
Datasets/gammafest/Train/TPS_237.jpg,023187016
Datasets/gammafest/Train/TPS_134.jpg,041119057
Datasets/gammafest/Train/TPS_375.jpg,011110055
Datasets/gammafest/Train/TPS_295.jpg,023096103
Datasets/gammafest/Train/TPS_318.jpg,055122007
Datasets/gammafest/Train/TPS_457.jpg,121097013
Datasets/gammafest/Train/TPS_178.jpg,059088002
Datasets/gammafest/Train/TPS_032.jpg,070044006
